{
    "RandomForest": {
        "MAE": 6.591350962403308,
        "RMSE": 9.780799958405634,
        "R2": 0.8166183611021964
    },
    "GradientBoosting": {
        "MAE": 9.359125225382966,
        "RMSE": 12.8115736063245,
        "R2": 0.6853613654331737
    },
    "LinearRegression": {
        "MAE": 10.686708684510185,
        "RMSE": 14.602578643589032,
        "R2": 0.591242057687851
    }
}