{
    "RandomForest": {
        "MAE": 6.635621679064824,
        "RMSE": 9.746332337103462,
        "R2": 0.827980354604261
    },
    "GradientBoosting": {
        "MAE": 9.552531264545514,
        "RMSE": 13.040899648701892,
        "R2": 0.6920283628670423
    },
    "LinearRegression": {
        "MAE": 11.171183410309926,
        "RMSE": 15.072535320513623,
        "R2": 0.5885962592778196
    }
}